Zulieferer,Holzart
107.3.146.207,Kiefer
107.3.146.207,Buche
108.65.113.83,Tanne
109.169.32.135,Fichte
109.169.32.135,Kiefer
110.138.30.229,Buche
110.159.208.78,Tanne
111.161.27.20,Fichte
117.21.246.164,Kiefer
118.142.68.222,Buche
12.130.60.4,Tanne
12.130.60.5,Fichte
121.254.179.199,Kiefer
121.9.245.177,Buche
123.118.73.155,Tanne
123.196.113.11,Fichte
123.30.108.208,Kiefer
124.160.192.241,Buche
125.17.14.100,Tanne
125.7.55.180,Fichte
125.89.78.6,Kiefer
128.241.220.82,Buche
128.241.220.82,Tanne
128.241.220.82,Fichte
130.253.37.97,Kiefer
131.178.233.243,Buche
141.146.8.66,Tanne
142.162.221.28,Fichte
142.233.200.21,Kiefer
147.213.138.201,Buche
148.107.2.20,Tanne
170.192.178.10,Fichte
173.192.201.242,Kiefer
174.123.217.162,Buche
178.162.239.192,Tanne
178.19.3.199,Fichte
182.236.164.11,Kiefer
183.60.133.18,Buche
187.231.45.62,Tanne
188.138.40.166,Fichte
188.138.40.166,Kiefer
188.173.152.100,Buche
190.113.128.150,Tanne
192.188.106.240,Fichte
193.33.170.23,Kiefer
194.146.236.22,Buche
194.215.205.19,Tanne
194.215.205.19,Fichte
194.215.205.19,Kiefer
194.8.74.23,Buche
195.216.243.24,Tanne
195.69.160.22,Fichte
195.69.252.22,Kiefer
195.80.144.22,Buche
196.28.38.71,Tanne
198.228.212.52,Fichte
198.35.1.10,Kiefer
198.35.1.75,Buche
198.35.2.120,Tanne
198.35.3.23,Fichte
199.15.234.66,Kiefer
2.229.4.58,Buche
200.6.134.23,Tanne
201.122.42.235,Fichte
201.28.109.162,Kiefer
201.3.120.132,Buche
201.42.223.29,Tanne
202.164.25.24,Fichte
202.179.8.245,Kiefer
202.201.1.233,Buche
202.91.242.117,Tanne
203.172.197.2,Fichte
203.223.0.20,Kiefer
203.45.206.135,Buche
203.92.58.136,Tanne
206.225.11.127,Fichte
207.36.232.245,Kiefer
208.240.243.170,Buche
208.65.153.253,Tanne
209.114.36.109,Fichte
209.160.24.63,Kiefer
210.192.123.204,Buche
210.76.124.106,Tanne
211.140.3.183,Fichte
211.166.11.101,Kiefer
211.166.11.101,Buche
211.166.11.101,Tanne
211.166.11.101,Fichte
211.191.168.25,Kiefer
211.245.24.3,Buche
211.25.254.234,Tanne
212.235.92.150,Fichte
212.27.63.151,Kiefer
212.58.253.71,Buche
216.221.226.11,Tanne
216.221.226.11,Fichte
217.132.169.69,Kiefer
217.15.20.146,Buche
217.197.192.20,Tanne
217.23.14.61,Fichte
220.225.12.171,Kiefer
221.204.246.72,Buche
221.207.229.6,Tanne
222.169.224.226,Fichte
222.41.213.238,Kiefer
223.205.219.198,Buche
223.205.219.67,Tanne
223.5.16.102,Fichte
233.77.49.94,Kiefer
24.185.15.226,Buche
27.1.11.11,Tanne
27.101.11.11,Fichte
27.102.11.11,Kiefer
27.175.11.11,Buche
27.35.11.11,Tanne
27.96.128.0,Fichte
27.96.191.11,Kiefer
46.251.224.66,Buche
49.212.64.138,Tanne
50.23.124.50,Fichte
58.68.236.98,Kiefer
59.162.167.100,Buche
59.36.99.70,Tanne
59.5.100.202,Fichte
59.99.230.91,Kiefer
60.18.93.11,Buche
60.220.218.88,Tanne
61.164.73.20,Fichte
62.216.64.19,Kiefer
64.120.15.156,Buche
64.66.0.20,Tanne
65.19.167.94,Fichte
66.69.195.226,Kiefer
67.133.102.54,Buche
67.170.226.218,Tanne
69.175.97.11,Fichte
69.72.161.186,Kiefer
69.80.0.18,Buche
70.38.1.235,Tanne
71.192.86.205,Fichte
74.125.19.106,Kiefer
74.208.173.14,Buche
74.53.23.135,Tanne
74.82.57.172,Fichte
76.169.7.252,Kiefer
76.89.103.115,Buche
78.111.167.117,Tanne
79.189.193.150,Fichte
81.11.191.113,Kiefer
81.18.148.190,Buche
82.245.228.36,Tanne
84.34.159.23,Fichte
85.62.218.82,Kiefer
86.212.199.60,Buche
86.51.1.2,Tanne
86.9.190.90,Fichte
87.194.216.51,Kiefer
87.194.216.51,Buche
87.194.216.51,Tanne
87.194.216.51,Fichte
87.194.216.51,Kiefer
87.240.128.18,Buche
88.12.32.208,Tanne
88.191.145.142,Fichte
88.191.83.82,Kiefer
89.106.20.218,Buche
89.11.192.18,Tanne
89.167.143.32,Fichte
90.205.111.169,Kiefer
91.199.80.24,Buche
91.205.189.15,Tanne
91.205.189.27,Fichte
91.205.40.22,Kiefer
91.208.184.24,Buche
91.214.92.22,Tanne
92.1.170.135,Fichte
92.46.53.223,Kiefer
94.229.0.20,Buche
94.229.0.21,Tanne
95.130.170.231,Fichte
95.163.78.227,Kiefer
97.117.230.183,Buche
99.61.68.230,Tanne
188.143.232.202,Fichte
175.44.3.30,Kiefer
173.44.37.226,Buche
175.44.24.82,Tanne
175.44.1.122,Fichte
176.212.0.44,Kiefer
175.44.26.139,Buche
94.230.166.185,Tanne
112.111.162.4,Fichte
192.162.19.179,Kiefer
175.44.1.172,Buche
195.2.240.99,Tanne
91.210.104.143,Fichte
91.217.178.210,Kiefer
